stock_id,date,dividend_cash_amount,price,volume,return_daily,cumulative_price_adjustment_factor,number_of_trades_daily,SP_composite_return_daily
19788,2020-09-30,,9.5,338584433,-0.007058,1,,0.008254
19788,2020-10-01,,9.46,124297587,-0.004211,1,,0.005293
19788,2020-10-02,,9.2,55018343,-0.027484,1,,-0.009572
19788,2020-10-05,,9.03,36316878,-0.018478,1,,0.017976
19788,2020-10-06,,9.9,90864039,0.096346,1,,-0.013988
19788,2020-10-07,,10.0,54672419,0.010101,1,,0.017406
19788,2020-10-08,,10.0,34989186,0.0,1,,0.008007
19788,2020-10-09,,9.95,19653450,-0.005,1,,0.008791
19788,2020-10-12,,9.89,20623565,-0.00603,1,,0.016419
19788,2020-10-13,,9.47,21847177,-0.042467,1,,-0.006307
19788,2020-10-14,,9.34,13785097,-0.013728,1,,-0.006623
19788,2020-10-15,,9.91,12924093,0.061028,1,,-0.001528
19788,2020-10-16,,9.71,11142464,-0.020182,1,,0.000135
19788,2020-10-19,,9.57,9126352,-0.014418,1,,-0.01633
19788,2020-10-20,,9.27,11138223,-0.031348,1,,0.004727
19788,2020-10-21,,9.2,9189978,-0.007551,1,,-0.002196
19788,2020-10-22,,9.68,17928578,0.052174,1,,0.005219
19788,2020-10-23,,9.49,12618010,-0.019628,1,,0.003446
19788,2020-10-26,,9.95,23767344,0.048472,1,,-0.01859
19788,2020-10-27,,10.95,53695925,0.100503,1,,-0.003026
19788,2020-10-28,,10.85,30941720,-0.009132,1,,-0.035288
19788,2020-10-29,,10.75,20515706,-0.009217,1,,0.011947
19788,2020-10-30,,10.13,19728372,-0.057674,1,,-0.01213
19788,2020-11-02,,10.54,11677845,0.040474,1,,0.012318
19788,2020-11-03,,10.5,21652807,-0.003795,1,,0.017799
19788,2020-11-04,,10.72,15783356,0.020952,1,,0.022047
19788,2020-11-05,,11.88,48560380,0.108209,1,,0.01946
19788,2020-11-06,,13.83,89977555,0.164141,1,,-0.000288
19788,2020-11-09,,14.67,60098963,0.060738,1,,0.0117
19788,2020-11-10,,14.0,38078742,-0.045671,1,,-0.0014
19788,2020-11-11,,15.96,47027940,0.14,1,,0.007652
19788,2020-11-12,,14.58,99287571,-0.086466,1,,-0.009979
19788,2020-11-13,,15.8,76622565,0.083676,1,,0.01361
19788,2020-11-16,,15.93,65325988,0.008228,1,,0.011648
19788,2020-11-17,,17.85,116618543,0.120527,1,,-0.004792
19788,2020-11-18,,17.9,89957892,0.002801,1,,-0.011564
19788,2020-11-19,,18.98,56225400,0.060335,1,,0.003946
19788,2020-11-20,,18.15,72103988,-0.04373,1,,-0.006793
19788,2020-11-23,,21.04,84716298,0.159229,1,,0.005636
19788,2020-11-24,,23.82,115468825,0.132129,1,,0.016162
19788,2020-11-25,,29.05,202563731,0.219563,1,,-0.001584
19788,2020-11-27,,27.66,207834002,-0.047849,1,,0.002397
19788,2020-11-30,,27.11,137243001,-0.019884,1,,-0.004595
19788,2020-12-01,,25.67,84539786,-0.053117,1,,0.011271
19788,2020-12-02,,22.51,149062083,-0.123101,1,,0.001791
19788,2020-12-03,,24.03,85634262,0.067526,1,,-0.000624
19788,2020-12-04,,23.85,56044061,-0.007491,1,,0.008836
19788,2020-12-07,,28.94,118463662,0.213417,1,,-0.001936
19788,2020-12-08,,28.59,124754317,-0.012094,1,,0.002787
19788,2020-12-09,,26.63,79634716,-0.068555,1,,-0.007949
19788,2020-12-10,,27.04,57774823,0.015396,1,,-0.001285
19788,2020-12-11,,27.2,52764350,0.005917,1,,-0.001265
19788,2020-12-14,,27.24,44734521,0.001471,1,,-0.004359
19788,2020-12-15,,26.43,49273241,-0.029736,1,,0.012921
19788,2020-12-16,,25.92,44013392,-0.019296,1,,0.001773
19788,2020-12-17,,27.23,53829804,0.05054,1,,0.005758
19788,2020-12-18,,25.97,71042932,-0.046273,1,,-0.003511
19788,2020-12-21,,28.51,76729131,0.097805,1,,-0.003906
19788,2020-12-22,,28.04,66196470,-0.016485,1,,-0.002073
19788,2020-12-23,,28.69,58772227,0.023181,1,,0.000746
19788,2020-12-24,,27.75,26306795,-0.032764,1,,0.003537
19788,2020-12-28,,25.63,55878713,-0.076396,1,,0.008723
19788,2020-12-29,,24.66,47302415,-0.037846,1,,-0.002227
19788,2020-12-30,,25.1,34586667,0.017843,1,,0.001342
19788,2020-12-31,,23.55,39922546,-0.061753,1,,0.006439
19788,2021-01-04,,23.37,44970355,-0.007643,1,,-0.014755
19788,2021-01-05,,24.6,29050437,0.052632,1,,0.007083
19788,2021-01-06,,23.54,32732892,-0.043089,1,,0.00571
19788,2021-01-07,,25.0,32240048,0.062022,1,,0.014847
19788,2021-01-08,,25.2,41313824,0.008,1,,0.005492
19788,2021-01-11,,25.93,32608983,0.028968,1,,-0.006555
19788,2021-01-12,,26.18,26994964,0.009641,1,,0.000416
19788,2021-01-13,,25.5,51216556,-0.025974,1,,0.002276
19788,2021-01-14,,24.92,32908003,-0.022745,1,,-0.003753
19788,2021-01-15,,25.64,92285513,0.028892,1,,-0.00719
19788,2021-01-19,,26.62,48675845,0.038222,1,,0.008136
19788,2021-01-20,,26.34,37459017,-0.010518,1,,0.013936
19788,2021-01-21,,25.98,29891354,-0.013667,1,,0.000317
19788,2021-01-22,,32.58,156844666,0.254042,1,,-0.003011
19788,2021-01-25,,36.23,191345300,0.112032,1,,0.003616
19788,2021-01-26,,35.37,65869976,-0.023737,1,,-0.001489
19788,2021-01-27,,39.0,170758759,0.102629,1,,-0.025678
19788,2021-01-28,,35.66,85250675,-0.085641,1,,0.009761
19788,2021-01-29,,35.18,42030917,-0.01346,1,,-0.019312
19788,2021-02-01,,33.96,43460896,-0.034679,1,,0.016052
19788,2021-02-02,,31.02,69647948,-0.086572,1,,0.013898
19788,2021-02-03,,31.76,35311995,0.023856,1,,0.001009
19788,2021-02-04,,32.05,31657211,0.009131,1,,0.010853
19788,2021-02-05,,34.05,62375282,0.062402,1,,0.003897
19788,2021-02-08,,36.05,72610624,0.058737,1,,0.007399
19788,2021-02-09,,38.17,44243214,0.058807,1,,-0.001113
19788,2021-02-10,,35.7,45177247,-0.06471,1,,-0.000345
19788,2021-02-11,,33.11,52094876,-0.072549,1,,0.001662
19788,2021-02-12,,31.91,60925593,-0.036243,1,,0.004711
19788,2021-02-16,,27.84,180294325,-0.127546,1,,-0.000569
19788,2021-02-17,,27.08,151007022,-0.027299,1,,-0.00032
19788,2021-02-18,,25.17,313175121,-0.070532,1,,-0.004416
19788,2021-02-19,,29.0,320063732,0.152165,1,,-0.001855
19788,2021-02-22,,28.0,183049487,-0.034483,1,,-0.007733
19788,2021-02-23,,26.75,145289437,-0.044643,1,,0.001256
19788,2021-02-24,,26.39,90095691,-0.013458,1,,0.011352
19788,2021-02-25,,23.96,161776411,-0.09208,1,,-0.024479
19788,2021-02-26,,23.9,119588572,-0.002504,1,,-0.00475
19788,2021-03-01,,24.81,85059882,0.038075,1,,0.023791
19788,2021-03-02,,24.48,73996950,-0.013301,1,,-0.008081
19788,2021-03-03,,23.59,79046238,-0.036356,1,,-0.013066
19788,2021-03-04,,24.73,161611160,0.048326,1,,-0.013417
19788,2021-03-05,,23.95,173468558,-0.031541,1,,0.019496
19788,2021-03-08,,22.52,94432814,-0.059708,1,,-0.005359
19788,2021-03-09,,24.26,99586460,0.077265,1,,0.014155
19788,2021-03-10,,24.75,103212792,0.020198,1,,0.00603
19788,2021-03-11,,26.73,84788705,0.08,1,,0.010395
19788,2021-03-12,,26.92,58721863,0.007108,1,,0.001015
19788,2021-03-15,,26.79,56548963,-0.004829,1,,0.006492
19788,2021-03-16,,25.61,73615140,-0.044046,1,,-0.00157
19788,2021-03-17,,25.21,77081743,-0.015619,1,,0.002879
19788,2021-03-18,,23.98,57523321,-0.04879,1,,-0.014761
19788,2021-03-19,,24.32,57915872,0.014178,1,,-0.000603
19788,2021-03-22,,24.22,46208146,-0.004112,1,,0.007025
19788,2021-03-23,,23.26,50169702,-0.039637,1,,-0.007631
19788,2021-03-24,,21.88,69271892,-0.059329,1,,-0.005467
19788,2021-03-25,,22.58,74592579,0.031993,1,,0.00524
19788,2021-03-26,,22.58,57916429,0.0,1,,0.016631
19788,2021-03-29,,21.73,57647369,-0.037644,1,,-0.000868
19788,2021-03-30,,22.04,52039738,0.014266,1,,-0.003158
19788,2021-03-31,,23.29,61458497,0.056715,1,,0.003623
19788,2021-04-01,,23.07,51788762,-0.009446,1,,0.011825
19788,2021-04-05,,23.44,65374263,0.016038,1,,0.014438
19788,2021-04-06,,23.27,41933453,-0.007253,1,,-0.000974
19788,2021-04-07,,22.9,32766194,-0.0159,1,,0.001475
19788,2021-04-08,,23.41,35905537,0.022271,1,,0.004221
19788,2021-04-09,,24.04,54082682,0.026912,1,,0.00772
19788,2021-04-12,,23.34,68620842,-0.029118,1,,-0.000196
19788,2021-04-13,,25.42,83913494,0.089117,1,,0.003295
19788,2021-04-14,,23.7,108793791,-0.067663,1,,-0.004088
19788,2021-04-15,,23.15,58849349,-0.023207,1,,0.011094
19788,2021-04-16,,22.47,46627689,-0.029374,1,,0.003609
19788,2021-04-19,,21.94,45753872,-0.023587,1,,-0.005306
19788,2021-04-20,,21.78,47123090,-0.007293,1,,-0.006802
19788,2021-04-21,,22.63,42641404,0.039027,1,,0.009306
19788,2021-04-22,,22.86,51346366,0.010164,1,,-0.009211
19788,2021-04-23,,23.41,32169533,0.024059,1,,0.010929
19788,2021-04-26,,24.11,33667583,0.029902,1,,0.001782
19788,2021-04-27,,23.88,27678340,-0.00954,1,,-0.000215
19788,2021-04-28,,23.85,22068111,-0.001256,1,,-0.000846
19788,2021-04-29,,23.37,36770148,-0.020126,1,,0.006763
19788,2021-04-30,,23.04,24717299,-0.014121,1,,-0.007195
19788,2021-05-03,,22.3,33934417,-0.032118,1,,0.002748
19788,2021-05-04,,21.64,63429554,-0.029596,1,,-0.006678
19788,2021-05-05,,21.15,39134672,-0.022643,1,,0.000704
19788,2021-05-06,,20.09,92201104,-0.050118,1,,0.008165
19788,2021-05-07,,19.75,63725501,-0.016924,1,,0.007373
19788,2021-05-10,,18.47,104670546,-0.06481,1,,-0.010436
19788,2021-05-11,,20.21,203230517,0.094207,1,,-0.008674
19788,2021-05-12,,18.89,128281543,-0.065314,1,,-0.021449
19788,2021-05-13,,18.37,87811609,-0.027528,1,,0.012173
19788,2021-05-14,,20.08,79409513,0.093087,1,,0.014918
19788,2021-05-17,,20.46,50039596,0.018924,1,,-0.00253
19788,2021-05-18,,21.24,59672370,0.038123,1,,-0.008517
19788,2021-05-19,,20.67,45314036,-0.026836,1,,-0.002943
19788,2021-05-20,,20.61,46302386,-0.002903,1,,0.010555
19788,2021-05-21,,20.75,35372922,0.006793,1,,-0.000784
19788,2021-05-24,,21.22,46596776,0.022651,1,,0.009911
19788,2021-05-25,,21.48,49890803,0.012253,1,,-0.002125
19788,2021-05-26,,22.12,42958297,0.029795,1,,0.001877
19788,2021-05-27,,22.7,76230463,0.026221,1,,0.001165
19788,2021-05-28,,22.95,111845970,0.011013,1,,0.000769
19788,2021-06-01,,23.06,52695506,0.004793,1,,-0.000492
19788,2021-06-02,,24.45,86473158,0.060278,1,,0.001447
19788,2021-06-03,,23.63,48164194,-0.033538,1,,-0.003629
19788,2021-06-04,,24.03,42537599,0.016928,1,,0.008834
19788,2021-06-07,,24.46,49641037,0.017894,1,,-0.000797
19788,2021-06-08,,24.38,53488561,-0.003271,1,,0.000175
19788,2021-06-09,,24.17,36006240,-0.008614,1,,-0.001824
19788,2021-06-10,,24.14,35482902,-0.001241,1,,0.004652
19788,2021-06-11,,24.67,33113056,0.021955,1,,0.001948
19788,2021-06-14,,25.0,51801476,0.013377,1,,0.001815
19788,2021-06-15,,24.41,46693199,-0.0236,1,,-0.002012
19788,2021-06-16,,24.8,58452612,0.015977,1,,-0.00539
19788,2021-06-17,,25.45,64408370,0.02621,1,,-0.000436
19788,2021-06-18,,25.37,65852610,-0.003143,1,,-0.013125
19788,2021-06-21,,25.42,54805001,0.001971,1,,0.014002
19788,2021-06-22,,25.4,46171052,-0.000787,1,,0.005125
19788,2021-06-23,,26.27,53362161,0.034252,1,,-0.001083
19788,2021-06-24,,26.53,48419360,0.009897,1,,0.005811
19788,2021-06-25,,26.78,140832704,0.009423,1,,0.003331
19788,2021-06-28,,27.38,42184606,0.022405,1,,0.002315
19788,2021-06-29,,26.63,38478919,-0.027392,1,,0.000277
19788,2021-06-30,,26.36,28957136,-0.010139,1,,0.001328
19788,2021-07-01,,24.72,55571523,-0.062216,1,,0.005222
19788,2021-07-02,,24.44,29529097,-0.011327,1,,0.0075
19788,2021-07-06,,24.68,28764530,0.00982,1,,-0.002022
19788,2021-07-07,,22.89,66937305,-0.072528,1,,0.003359
19788,2021-07-08,,23.08,34612558,0.008301,1,,-0.008561
19788,2021-07-09,,23.29,22492370,0.009099,1,,0.011278
19788,2021-07-12,,22.95,23457170,-0.014599,1,,0.003451
19788,2021-07-13,,22.45,24748843,-0.021786,1,,-0.003517
19788,2021-07-14,,21.56,33796192,-0.039644,1,,0.001165
19788,2021-07-15,,21.47,31870960,-0.004174,1,,-0.003262
19788,2021-07-16,,21.37,19503109,-0.004658,1,,-0.007539
19788,2021-07-19,,21.54,30314387,0.007955,1,,-0.01587
19788,2021-07-20,,22.18,22954034,0.029712,1,,0.015163
19788,2021-07-21,,22.52,20437265,0.015329,1,,0.008242
19788,2021-07-22,,22.07,17468879,-0.019982,1,,0.002017
19788,2021-07-23,,21.81,17653323,-0.011781,1,,0.010145
19788,2021-07-26,,22.13,16267893,0.014672,1,,0.002382
19788,2021-07-27,,21.68,23078733,-0.020334,1,,-0.004712
19788,2021-07-28,,22.56,25073557,0.04059,1,,-0.000186
19788,2021-07-29,,22.18,19219083,-0.016844,1,,0.004206
19788,2021-07-30,,21.71,15889153,-0.02119,1,,-0.005406
19788,2021-08-02,,22.1,21372877,0.017964,1,,-0.001843
19788,2021-08-03,,22.24,17040068,0.006335,1,,0.008203
19788,2021-08-04,,22.3,15537433,0.002698,1,,-0.004632
19788,2021-08-05,,22.52,18575248,0.009866,1,,0.006005
19788,2021-08-06,,21.82,24200671,-0.031084,1,,0.001675
19788,2021-08-09,,22.93,35611060,0.050871,1,,-0.00094
19788,2021-08-10,,22.92,25947920,-0.000436,1,,0.000993
19788,2021-08-11,,22.35,34678970,-0.024869,1,,0.002468
19788,2021-08-12,,24.89,189542237,0.113646,1,,0.002952
19788,2021-08-13,,24.9,52395086,0.000402,1,,0.001607
19788,2021-08-16,,24.5,46189789,-0.016064,1,,0.002621
19788,2021-08-17,,23.97,35348320,-0.021633,1,,-0.007061
19788,2021-08-18,,25.28,92065605,0.054652,1,,-0.010748
19788,2021-08-19,,24.16,67605646,-0.044304,1,,0.001257
19788,2021-08-20,,24.01,52062313,-0.006209,1,,0.008142
19788,2021-08-23,,24.82,35705261,0.033736,1,,0.008524
19788,2021-08-24,,25.1,37227370,0.011281,1,,0.001496
19788,2021-08-25,,24.35,54678454,-0.02988,1,,0.00222
19788,2021-08-26,,24.87,46179423,0.021355,1,,-0.005825
19788,2021-08-27,,25.71,52268503,0.033776,1,,0.008808
19788,2021-08-30,,25.76,44139329,0.001945,1,,0.004307
19788,2021-08-31,,26.34,93168646,0.022516,1,,-0.001349
19788,2021-09-01,,26.2,34386925,-0.005315,1,,0.000312
19788,2021-09-02,,26.51,38476113,0.011832,1,,0.002843
19788,2021-09-03,,26.64,26624928,0.004904,1,,-0.000335
19788,2021-09-07,,26.7,35797174,0.002252,1,,-0.003395
19788,2021-09-08,,25.58,54346904,-0.041948,1,,-0.001319
19788,2021-09-09,,26.13,34149576,0.021501,1,,-0.004606
19788,2021-09-10,,26.28,37247078,0.005741,1,,-0.007723
19788,2021-09-13,,25.83,42336547,-0.017123,1,,0.002277
19788,2021-09-14,,26.26,34521112,0.016647,1,,-0.005747
19788,2021-09-15,,27.08,49433484,0.031226,1,,0.008474
19788,2021-09-16,,28.63,109815659,0.057238,1,,-0.001551
19788,2021-09-17,,28.71,182117162,0.002794,1,,-0.009111
19788,2021-09-20,,26.55,89413466,-0.075235,1,,-0.016977
19788,2021-09-21,,26.62,50933596,0.002637,1,,-0.000812
19788,2021-09-22,,27.43,44308146,0.030428,1,,0.00952
19788,2021-09-23,,28.77,60028602,0.048852,1,,0.012135
19788,2021-09-24,,28.56,40309743,-0.007299,1,,0.001461
19788,2021-09-27,,27.47,44102849,-0.038165,1,,-0.002776
19788,2021-09-28,,25.34,64206202,-0.077539,1,,-0.020364
19788,2021-09-29,,24.52,46164524,-0.03236,1,,0.001569
19788,2021-09-30,,24.04,59505593,-0.019576,1,,-0.01191
19788,2021-10-01,,24.33,32777971,0.012063,1,,0.011491
19788,2021-10-04,,23.17,46789720,-0.047678,1,,-0.012986
19788,2021-10-05,,23.21,56574824,0.001726,1,,0.010524
19788,2021-10-06,,23.58,125175676,0.015941,1,,0.004103
19788,2021-10-07,,23.73,38873699,0.006361,1,,0.008298
19788,2021-10-08,,23.5,39713420,-0.009692,1,,-0.001914
19788,2021-10-11,,23.53,23971679,0.001277,1,,-0.006866
19788,2021-10-12,,23.69,26280035,0.0068,1,,-0.002417
19788,2021-10-13,,24.13,28494029,0.018573,1,,0.003023
19788,2021-10-14,,24.35,26106710,0.009117,1,,0.017063
19788,2021-10-15,,24.0,24366136,-0.014374,1,,0.00746
19788,2021-10-18,,24.26,25609889,0.010833,1,,0.003375
19788,2021-10-19,,24.69,29393871,0.017725,1,,0.007393
19788,2021-10-20,,24.22,24248046,-0.019036,1,,0.003664
19788,2021-10-21,,24.78,23976568,0.023121,1,,0.002996
19788,2021-10-22,,24.43,20166825,-0.014124,1,,-0.001073
19788,2021-10-25,,25.41,33962065,0.040115,1,,0.004748
19788,2021-10-26,,25.52,56767030,0.004329,1,,0.00182
19788,2021-10-27,,25.06,24157199,-0.018025,1,,-0.005052
19788,2021-10-28,,25.64,21203027,0.023144,1,,0.009829
19788,2021-10-29,,25.88,21910308,0.00936,1,,0.001949
19788,2021-11-01,,26.56,26684709,0.026275,1,,0.0018
19788,2021-11-02,,25.92,30794632,-0.024096,1,,0.00368
19788,2021-11-03,,26.12,25244192,0.007716,1,,0.006461
19788,2021-11-04,,26.47,25029657,0.0134,1,,0.004182
19788,2021-11-05,,26.0,26004970,-0.017756,1,,0.003733
19788,2021-11-08,,26.75,41359562,0.028846,1,,0.000888
19788,2021-11-09,,24.25,117540155,-0.093458,1,,-0.003499
19788,2021-11-10,,22.52,94860149,-0.07134,1,,-0.008226
19788,2021-11-11,,22.99,43381487,0.02087,1,,0.000551
19788,2021-11-12,,22.83,53516196,-0.00696,1,,0.007223
19788,2021-11-15,,23.41,33225734,0.025405,1,,-1.1e-05
19788,2021-11-16,,23.13,31574786,-0.011961,1,,0.003865
19788,2021-11-17,,22.49,27994121,-0.02767,1,,-0.002602
19788,2021-11-18,,21.5,51039943,-0.04402,1,,0.003385
19788,2021-11-19,,21.41,30013125,-0.004186,1,,-0.001399
19788,2021-11-22,,20.65,59899106,-0.035497,1,,-0.003197
19788,2021-11-23,,20.59,44587969,-0.002906,1,,0.001657
19788,2021-11-24,,21.11,35233903,0.025255,1,,0.002294
19788,2021-11-26,,21.03,20691212,-0.00379,1,,-0.022725
19788,2021-11-29,,21.07,29113989,0.001902,1,,0.0132
19788,2021-11-30,,20.65,38196416,-0.019934,1,,-0.018961
19788,2021-12-01,,19.38,48488718,-0.061501,1,,-0.011815
19788,2021-12-02,,19.69,45802940,0.015996,1,,0.014194
19788,2021-12-03,,18.98,56039602,-0.036059,1,,-0.008449
19788,2021-12-06,,18.8,56459758,-0.009484,1,,0.011731
19788,2021-12-07,,19.46,35128988,0.035106,1,,0.020707
19788,2021-12-08,,19.82,28425939,0.0185,1,,0.003085
19788,2021-12-09,,19.21,30354670,-0.030777,1,,-0.007181
19788,2021-12-10,,18.94,27594490,-0.014055,1,,0.009549
19788,2021-12-13,,18.4,38376018,-0.028511,1,,-0.009136
19788,2021-12-14,,18.64,38864751,0.013043,1,,-0.007471
19788,2021-12-15,,18.86,39361880,0.011803,1,,0.016348
19788,2021-12-16,,18.34,33949973,-0.027572,1,,-0.008743
19788,2021-12-17,,19.06,44495175,0.039258,1,,-0.010288
19788,2021-12-20,,17.96,42265899,-0.057713,1,,-0.011388
19788,2021-12-21,,18.9,33878598,0.052339,1,,0.017778
19788,2021-12-22,,18.88,33894183,-0.001058,1,,0.01018
19788,2021-12-23,,18.93,24758314,0.002648,1,,0.006224
19788,2021-12-27,,18.94,21782025,0.000528,1,,0.013839
19788,2021-12-28,,18.57,20518849,-0.019535,1,,-0.00101
19788,2021-12-29,,18.17,28217548,-0.02154,1,,0.001402
19788,2021-12-30,,18.69,29285189,0.028619,1,,-0.00299
19788,2021-12-31,,18.21,23555998,-0.025682,1,,-0.002626
19788,2022-01-03,,18.53,34386628,0.017573,1,,0.006374
19788,2022-01-04,,18.17,39643168,-0.019428,1,,-0.00063
19788,2022-01-05,,16.96,58445907,-0.066593,1,,-0.019393
19788,2022-01-06,,16.74,49737071,-0.012972,1,,-0.000964
19788,2022-01-07,,16.56,37989265,-0.010753,1,,-0.00405
19788,2022-01-10,,16.5,77649430,-0.003623,1,,-0.001441
19788,2022-01-11,,16.89,47442586,0.023636,1,,0.00916
19788,2022-01-12,,16.72,39784185,-0.010065,1,,0.002818
19788,2022-01-13,,16.01,35492186,-0.042464,1,,-0.014244
19788,2022-01-14,,16.01,35624910,0.0,1,,0.00082
19788,2022-01-18,,14.97,49275074,-0.064959,1,,-0.018388
19788,2022-01-19,,14.56,48049078,-0.027388,1,,-0.00969
19788,2022-01-20,,14.62,44690391,0.004121,1,,-0.011037
19788,2022-01-21,,13.53,73031305,-0.074555,1,,-0.018915
19788,2022-01-24,,13.4,110640165,-0.009608,1,,0.002772
19788,2022-01-25,,13.06,47456624,-0.025373,1,,-0.012172
19788,2022-01-26,,12.75,69949711,-0.023737,1,,-0.001497
19788,2022-01-27,,12.28,52622863,-0.036863,1,,-0.005384
19788,2022-01-28,,12.71,54887541,0.035016,1,,0.024348
19788,2022-01-31,,13.71,51039253,0.078678,1,,0.018886
19788,2022-02-01,,14.2,69012946,0.03574,1,,0.006863
19788,2022-02-02,,13.32,47204312,-0.061972,1,,0.009423
19788,2022-02-03,,12.45,47236945,-0.065315,1,,-0.024391
19788,2022-02-04,,12.94,38989151,0.039357,1,,0.005157
19788,2022-02-07,,12.98,45646074,0.003091,1,,-0.003702
19788,2022-02-08,,13.15,30317109,0.013097,1,,0.008401
19788,2022-02-09,,13.87,34451922,0.054753,1,,0.014517
19788,2022-02-10,,13.56,41998243,-0.02235,1,,-0.018116
19788,2022-02-11,,13.13,41831569,-0.031711,1,,-0.018969
19788,2022-02-14,,13.26,40617850,0.009901,1,,-0.003841
19788,2022-02-15,,14.17,48523679,0.068627,1,,0.015767
19788,2022-02-16,,13.97,58624449,-0.014114,1,,0.000881
19788,2022-02-17,,11.77,151385399,-0.15748,1,,-0.021173
19788,2022-02-18,,11.02,137808130,-0.063721,1,,-0.007166
19788,2022-02-22,,10.48,104501495,-0.049002,1,,-0.010143
19788,2022-02-23,,10.43,93964473,-0.004771,1,,-0.018412
19788,2022-02-24,,11.83,118793047,0.134228,1,,0.014957
19788,2022-02-25,,11.47,75433711,-0.030431,1,,0.022373
19788,2022-02-28,,11.85,75390479,0.03313,1,,-0.002443
19788,2022-03-01,,12.18,64867173,0.027848,1,,-0.015473
19788,2022-03-02,,12.06,56698280,-0.009852,1,,0.018643
19788,2022-03-03,,11.34,46171972,-0.059702,1,,-0.005255
19788,2022-03-04,,10.96,43631139,-0.03351,1,,-0.007934
19788,2022-03-07,,11.11,63070581,0.013686,1,,-0.029518
19788,2022-03-08,,11.04,49279564,-0.006301,1,,-0.007234
19788,2022-03-09,,11.65,43591369,0.055254,1,,0.025698
19788,2022-03-10,,11.87,52295390,0.018884,1,,-0.004292
19788,2022-03-11,,11.39,37817372,-0.040438,1,,-0.012962
19788,2022-03-14,,10.5,49762551,-0.078139,1,,-0.007421
19788,2022-03-15,,10.77,40451175,0.025714,1,,0.021408
19788,2022-03-16,,11.79,62746614,0.094707,1,,0.022384
19788,2022-03-17,,12.32,43948861,0.044953,1,,0.012348
19788,2022-03-18,,12.82,59125472,0.040584,1,,0.011662
19788,2022-03-21,,12.59,39410854,-0.017941,1,,-0.000435
19788,2022-03-22,,13.27,46210656,0.054011,1,,0.011304
19788,2022-03-23,,13.18,33699354,-0.006782,1,,-0.012273
19788,2022-03-24,,13.39,29535255,0.015933,1,,0.014344
19788,2022-03-25,,12.97,24796929,-0.031367,1,,0.005066
19788,2022-03-28,,13.42,27151982,0.034695,1,,0.007145
19788,2022-03-29,,14.2,46433721,0.058122,1,,0.012257
19788,2022-03-30,,13.88,32163994,-0.022535,1,,-0.006294
19788,2022-03-31,,13.73,22839957,-0.010807,1,,-0.015653
19788,2022-04-01,,13.83,23831607,0.007283,1,,0.00341
19788,2022-04-04,,14.63,40124782,0.057845,1,,0.008091
19788,2022-04-05,,13.89,37677310,-0.050581,1,,-0.012552
19788,2022-04-06,,13.0,40647687,-0.064075,1,,-0.009717
19788,2022-04-07,,12.84,34727408,-0.012308,1,,0.004253
19788,2022-04-08,,12.7,24962502,-0.010903,1,,-0.002651
19788,2022-04-11,,12.66,26095830,-0.00315,1,,-0.016877
19788,2022-04-12,,12.46,26226526,-0.015798,1,,-0.003418
19788,2022-04-13,,12.9,21152882,0.035313,1,,0.011175
19788,2022-04-14,,12.42,23284123,-0.037209,1,,-0.012144
19788,2022-04-18,,12.15,25395600,-0.021739,1,,-0.000205
19788,2022-04-19,,12.91,31753902,0.062551,1,,0.016058
19788,2022-04-20,,12.79,31528605,-0.009295,1,,-0.000619
19788,2022-04-21,,12.33,32008952,-0.035966,1,,-0.014753
19788,2022-04-22,,11.96,30386141,-0.030008,1,,-0.02774
19788,2022-04-25,,12.11,31727574,0.012542,1,,0.005698
19788,2022-04-26,,11.12,38666484,-0.081751,1,,-0.028146
19788,2022-04-27,,10.56,54508483,-0.05036,1,,0.002098
19788,2022-04-28,,10.95,40074509,0.036932,1,,0.024747
19788,2022-04-29,,10.4,30937495,-0.050228,1,,-0.036285
19788,2022-05-02,,10.74,41193848,0.032692,1,,0.005675
19788,2022-05-03,,10.55,31372676,-0.017691,1,,0.004837
19788,2022-05-04,,10.98,43239867,0.040758,1,,0.029862
19788,2022-05-05,,10.12,40523644,-0.078324,1,,-0.03565
19788,2022-05-06,,9.48,69691303,-0.063241,1,,-0.005674
19788,2022-05-09,,7.46,170871733,-0.21308,1,,-0.032037
19788,2022-05-10,,7.29,86932388,-0.022788,1,,0.002458
19788,2022-05-11,,6.71,72894876,-0.079561,1,,-0.016463
19788,2022-05-12,,7.34,82147335,0.09389,1,,-0.001296
19788,2022-05-13,,8.34,69242703,0.13624,1,,0.02387
19788,2022-05-16,,8.04,46153164,-0.035971,1,,-0.003946
19788,2022-05-17,,8.36,38620821,0.039801,1,,0.02017
19788,2022-05-18,,8.01,29304567,-0.041866,1,,-0.040395
19788,2022-05-19,,8.31,35780868,0.037453,1,,-0.005834
19788,2022-05-20,,8.08,40879105,-0.027678,1,,0.000146
19788,2022-05-23,,8.01,27755176,-0.008663,1,,0.018555
19788,2022-05-24,,7.55,47218653,-0.057428,1,,-0.008121
19788,2022-05-25,,7.96,35068948,0.054305,1,,0.009451
19788,2022-05-26,,8.36,39738920,0.050251,1,,0.019883
19788,2022-05-27,,8.85,37063986,0.058613,1,,0.024742
19788,2022-05-31,,8.68,41672271,-0.019209,1,,-0.006274
19788,2022-06-01,,8.46,34438066,-0.025346,1,,-0.007483
19788,2022-06-02,,9.3,41479909,0.099291,1,,0.018431
19788,2022-06-03,,8.94,36632342,-0.03871,1,,-0.016347
19788,2022-06-06,,8.98,35101113,0.004474,1,,0.003137
19788,2022-06-07,,9.13,28049430,0.016704,1,,0.009523
19788,2022-06-08,,9.18,29056310,0.005476,1,,-0.010794
19788,2022-06-09,,8.68,30588227,-0.054466,1,,-0.023799
19788,2022-06-10,,8.26,30293236,-0.048387,1,,-0.02911
19788,2022-06-13,,7.64,40942971,-0.075061,1,,-0.038768
19788,2022-06-14,,7.82,30564136,0.02356,1,,-0.003774
19788,2022-06-15,,8.12,38235303,0.038363,1,,0.014593
19788,2022-06-16,,7.67,36793539,-0.055419,1,,-0.032512
19788,2022-06-17,,8.24,45517993,0.074315,1,,0.002201
19788,2022-06-21,,8.71,48887634,0.057039,1,,0.024477
19788,2022-06-22,,9.01,43486258,0.034443,1,,-0.001302
19788,2022-06-23,,9.46,44618047,0.049944,1,,0.009532
19788,2022-06-24,,10.19,67826046,0.077167,1,,0.030563
19788,2022-06-27,,9.62,44767950,-0.055937,1,,-0.002973
19788,2022-06-28,,9.31,45683156,-0.032224,1,,-0.020143
19788,2022-06-29,,9.23,40408663,-0.008593,1,,-0.000712
19788,2022-06-30,,9.07,33636395,-0.017335,1,,-0.008759
19788,2022-07-01,,9.27,33504389,0.022051,1,,0.010554
19788,2022-07-05,,10.07,55913039,0.0863,1,,0.001584
19788,2022-07-06,,9.8,54604339,-0.026812,1,,0.003573
19788,2022-07-07,,10.18,35672506,0.038776,1,,0.014965
19788,2022-07-08,,10.17,36737070,-0.000982,1,,-0.00083
19788,2022-07-11,,9.56,34049499,-0.05998,1,,-0.011527
19788,2022-07-12,,9.49,42765812,-0.007322,1,,-0.009244
19788,2022-07-13,,9.28,32461304,-0.022129,1,,-0.004457
19788,2022-07-14,,8.9,26702065,-0.040948,1,,-0.002999
19788,2022-07-15,,9.04,34918133,0.01573,1,,0.019201
19788,2022-07-18,,9.03,32428356,-0.001106,1,,-0.008364
19788,2022-07-19,,9.34,29033769,0.03433,1,,0.027628
19788,2022-07-20,,10.11,40845162,0.082441,1,,0.005896
19788,2022-07-21,,10.49,51691188,0.037587,1,,0.009861
19788,2022-07-22,,9.84,38915495,-0.061964,1,,-0.009332
19788,2022-07-25,,9.68,21484978,-0.01626,1,,0.001315
19788,2022-07-26,,9.4,21997819,-0.028926,1,,-0.011543
19788,2022-07-27,,10.02,29810929,0.065958,1,,0.026156
19788,2022-07-28,,10.13,27172854,0.010978,1,,0.012133
19788,2022-07-29,,10.35,31106607,0.021718,1,,0.014208
19788,2022-08-01,,10.47,31694733,0.011594,1,,-0.002823
19788,2022-08-02,,10.92,40958813,0.04298,1,,-0.006662
19788,2022-08-03,,11.2,35796465,0.025641,1,,0.015638
19788,2022-08-04,,11.32,32093381,0.010714,1,,-0.000777
19788,2022-08-05,,11.45,50264847,0.011484,1,,-0.001626
19788,2022-08-08,,9.82,125272644,-0.142358,1,,-0.001238
19788,2022-08-09,,9.25,58788927,-0.058045,1,,-0.004249
19788,2022-08-10,,9.59,46054905,0.036757,1,,0.021291
19788,2022-08-11,,9.42,44790863,-0.017727,1,,-0.000705
19788,2022-08-12,,9.91,30638186,0.052017,1,,0.017322
19788,2022-08-15,,9.91,33263354,0.0,1,,0.003969
19788,2022-08-16,,9.74,40681240,-0.017154,1,,0.001876
19788,2022-08-17,,9.43,33933634,-0.031827,1,,-0.007238
19788,2022-08-18,,9.15,26365589,-0.029693,1,,0.00227
19788,2022-08-19,,8.51,40560185,-0.069945,1,,-0.0129
19788,2022-08-22,,8.07,37824865,-0.051704,1,,-0.0214
19788,2022-08-23,,8.01,25658542,-0.007435,1,,-0.002238
19788,2022-08-24,,8.1,26576407,0.011236,1,,0.002916
19788,2022-08-25,,8.42,25635573,0.039506,1,,0.014092
19788,2022-08-26,,7.94,34150358,-0.057007,1,,-0.033688
19788,2022-08-29,,7.81,28566219,-0.016373,1,,-0.006666
19788,2022-08-30,,7.79,27189202,-0.002561,1,,-0.011028
19788,2022-08-31,,7.72,28691526,-0.008986,1,,-0.007817
19788,2022-09-01,,7.49,39079702,-0.029793,1,,0.002996
19788,2022-09-02,,7.4,25965044,-0.012016,1,,-0.010736
19788,2022-09-06,,7.28,30429420,-0.016216,1,,-0.004095
19788,2022-09-07,,7.39,30329957,0.01511,1,,0.018341
19788,2022-09-08,,7.53,26303595,0.018945,1,,0.006611
19788,2022-09-09,,7.79,27860611,0.034529,1,,0.015271
19788,2022-09-12,,8.01,30544819,0.028241,1,,0.010584
19788,2022-09-13,,7.48,29770663,-0.066167,1,,-0.043237
19788,2022-09-14,,7.63,29422539,0.020053,1,,0.003387
19788,2022-09-15,,8.01,51700626,0.049803,1,,-0.011318
19788,2022-09-16,,7.78,42155538,-0.028714,1,,-0.007182
19788,2022-09-19,,7.86,29238773,0.010283,1,,0.006857
19788,2022-09-20,,7.62,30349629,-0.030534,1,,-0.011272
19788,2022-09-21,,7.69,36814509,0.009186,1,,-0.017116
19788,2022-09-22,,7.37,49138288,-0.041613,1,,-0.008428
19788,2022-09-23,,7.4,34197320,0.004071,1,,-0.017233
19788,2022-09-26,,7.53,45429792,0.017568,1,,-0.010341
19788,2022-09-27,,7.63,31794676,0.01328,1,,-0.00212
19788,2022-09-28,,7.94,31955946,0.040629,1,,0.019672
19788,2022-09-29,,8.08,57908658,0.017632,1,,-0.021126
19788,2022-09-30,,8.13,47454794,0.006188,1,,-0.015067
19788,2022-10-03,,8.24,35523982,0.01353,1,,0.025884
19788,2022-10-04,,8.46,36313344,0.026699,1,,0.030584
19788,2022-10-05,,8.42,37790218,-0.004728,1,,-0.002018
19788,2022-10-06,,8.47,27653442,0.005938,1,,-0.010245
19788,2022-10-07,,8.15,29550481,-0.03778,1,,-0.028004
19788,2022-10-10,,8.06,26923337,-0.011043,1,,-0.007492
19788,2022-10-11,,8.04,40775759,-0.002481,1,,-0.006519
19788,2022-10-12,,8.07,30201563,0.003731,1,,-0.003291
19788,2022-10-13,,8.08,36040853,0.001239,1,,0.025966
19788,2022-10-14,,7.53,37484777,-0.068069,1,,-0.023663
19788,2022-10-17,,7.94,31751687,0.054449,1,,0.02648
19788,2022-10-18,,8.16,37120360,0.027708,1,,0.011428
19788,2022-10-19,,7.91,26593980,-0.030637,1,,-0.006672
19788,2022-10-20,,8.04,26689513,0.016435,1,,-0.007951
19788,2022-10-21,,8.29,30705741,0.031095,1,,0.023725
19788,2022-10-24,,8.27,28062245,-0.002412,1,,0.011882
19788,2022-10-25,,8.66,31001500,0.047158,1,,0.016267
19788,2022-10-26,,8.57,33606930,-0.010393,1,,-0.007388
19788,2022-10-27,,8.6,28940839,0.003501,1,,-0.006083
19788,2022-10-28,,8.64,20697363,0.004651,1,,0.024626
19788,2022-10-31,,8.79,31376113,0.017361,1,,-0.007454
19788,2022-11-01,,8.65,29799983,-0.015927,1,,-0.004101
19788,2022-11-02,,8.22,36042604,-0.049711,1,,-0.025002
19788,2022-11-03,,8.08,36419546,-0.017032,1,,-0.010586
19788,2022-11-04,,7.93,64338926,-0.018564,1,,0.013619
19788,2022-11-07,,7.02,99332839,-0.114754,1,,0.009614
19788,2022-11-08,,7.21,56353934,0.027066,1,,0.005598
19788,2022-11-09,,6.98,42517300,-0.0319,1,,-0.020778
19788,2022-11-10,,7.64,58579775,0.094556,1,,0.055434
19788,2022-11-11,,8.41,55324135,0.100785,1,,0.009241
19788,2022-11-14,,8.1,37313248,-0.036861,1,,-0.008936
19788,2022-11-15,,8.34,34454137,0.02963,1,,0.008713
19788,2022-11-16,,8.06,28435997,-0.033573,1,,-0.008252
19788,2022-11-17,,7.62,33746453,-0.054591,1,,-0.003089
19788,2022-11-18,,7.39,27245241,-0.030184,1,,0.004759
19788,2022-11-21,,7.19,36605643,-0.027064,1,,-0.003884
19788,2022-11-22,,7.22,27327800,0.004172,1,,0.01358
19788,2022-11-23,,7.37,24182861,0.020776,1,,0.005915
19788,2022-11-25,,7.28,10824422,-0.012212,1,,-0.000283
19788,2022-11-28,,7.16,19467050,-0.016484,1,,-0.015444
19788,2022-11-29,,7.08,22150765,-0.011173,1,,-0.001592
19788,2022-11-30,,7.5,32745744,0.059322,1,,0.030948
19788,2022-12-01,,7.86,34424376,0.048,1,,-0.000868
19788,2022-12-02,,7.66,18794030,-0.025445,1,,-0.001195
19788,2022-12-05,,7.19,32158154,-0.061358,1,,-0.017894
19788,2022-12-06,,6.99,32868065,-0.027816,1,,-0.014399
19788,2022-12-07,,7.07,28351611,0.011445,1,,-0.001862
19788,2022-12-08,,7.12,23107690,0.007072,1,,0.007522
19788,2022-12-09,,7.11,23367305,-0.001404,1,,-0.00735
19788,2022-12-12,,7.29,22672395,0.025316,1,,0.014279
19788,2022-12-13,,7.5,41033831,0.028807,1,,0.00729
19788,2022-12-14,,7.35,22653792,-0.02,1,,-0.006053
19788,2022-12-15,,7.01,25417145,-0.046258,1,,-0.024922
19788,2022-12-16,,6.9,32655552,-0.015692,1,,-0.011138
19788,2022-12-19,,6.35,41511615,-0.07971,1,,-0.009007
19788,2022-12-20,,6.31,30215576,-0.006299,1,,0.001037
19788,2022-12-21,,6.5,34408622,0.030111,1,,0.014868
19788,2022-12-22,,6.32,28065983,-0.027692,1,,-0.014452
19788,2022-12-23,,6.29,20418981,-0.004747,1,,0.005868
19788,2022-12-27,,6.0,34573340,-0.046105,1,,-0.00405
19788,2022-12-28,,6.07,30096787,0.011667,1,,-0.012021
19788,2022-12-29,,6.4,42694169,0.054366,1,,0.017461
19788,2022-12-30,,6.42,27830898,0.003125,1,,-0.002541
19788,2023-01-03,,6.39,29969947,-0.004673,1,,-0.004001
19788,2023-01-04,,6.58,31660509,0.029734,1,,0.007539
19788,2023-01-05,,6.32,34185994,-0.039514,1,,-0.011646
19788,2023-01-06,,6.4,30596404,0.012658,1,,0.022841
19788,2023-01-09,,6.5,31028876,0.015625,1,,-0.000768
19788,2023-01-10,,6.7,28236577,0.030769,1,,0.006978
19788,2023-01-11,,6.98,25936693,0.041791,1,,0.012849
19788,2023-01-12,,7.01,30152469,0.004298,1,,0.003416
19788,2023-01-13,,6.96,20981000,-0.007133,1,,0.003997
19788,2023-01-17,,7.07,30910341,0.015805,1,,-0.00203
19788,2023-01-18,,6.9,32743429,-0.024045,1,,-0.015563
19788,2023-01-19,,6.73,24841655,-0.024638,1,,-0.007638
19788,2023-01-20,,7.02,28751729,0.043091,1,,0.018918
19788,2023-01-23,,7.38,31633292,0.051282,1,,0.011881
19788,2023-01-24,,7.02,22649458,-0.048781,1,,-0.000711
19788,2023-01-25,,7.22,37147944,0.02849,1,,-0.000182
19788,2023-01-26,,7.24,28005624,0.00277,1,,0.011008
19788,2023-01-27,,7.55,37555172,0.042818,1,,0.002495
19788,2023-01-30,,7.37,28567795,-0.023841,1,,-0.012969
19788,2023-01-31,,7.78,40984037,0.055631,1,,0.014642
19788,2023-02-01,,8.2,50123739,0.053985,1,,0.010452
19788,2023-02-02,,8.99,71889705,0.096341,1,,0.014699
19788,2023-02-03,,8.41,64785463,-0.064516,1,,-0.010355
19788,2023-02-06,,8.31,38845474,-0.011891,1,,-0.00614
19788,2023-02-07,,8.33,42201785,0.002407,1,,0.012873
19788,2023-02-08,,8.22,35105483,-0.013205,1,,-0.011081
19788,2023-02-09,,7.95,33366661,-0.032847,1,,-0.00883
19788,2023-02-10,,7.51,43042403,-0.055346,1,,0.002195
19788,2023-02-13,,7.61,87397065,0.013316,1,,0.011449
19788,2023-02-14,,9.22,216055237,0.211564,1,,-0.00028
19788,2023-02-15,,10.11,153514526,0.096529,1,,0.002773
19788,2023-02-16,,9.71,88638835,-0.039565,1,,-0.013789
19788,2023-02-17,,9.2,62137799,-0.052523,1,,-0.002767
19788,2023-02-21,,8.47,65226614,-0.079348,1,,-0.020041
19788,2023-02-22,,8.36,55345996,-0.012987,1,,-0.001574
19788,2023-02-23,,8.17,60015539,-0.022727,1,,0.005329
19788,2023-02-24,,8.09,41518558,-0.009792,1,,-0.010538
19788,2023-02-27,,8.03,35270013,-0.007417,1,,0.003073
19788,2023-02-28,,7.84,32937011,-0.023661,1,,-0.003036
19788,2023-03-01,,7.69,27939113,-0.019133,1,,-0.004725
19788,2023-03-02,,7.97,36805933,0.036411,1,,0.007582
19788,2023-03-03,,8.33,43229102,0.045169,1,,0.016148
19788,2023-03-06,,8.28,28316225,-0.006002,1,,0.000687
19788,2023-03-07,,8.28,26819619,0.0,1,,-0.015327
19788,2023-03-08,,8.13,38723632,-0.018116,1,,0.001415
19788,2023-03-09,,7.69,29005915,-0.054121,1,,-0.018459
19788,2023-03-10,,7.35,41953579,-0.044213,1,,-0.014478
19788,2023-03-13,,7.87,63183533,0.070748,1,,-0.00151
19788,2023-03-14,,7.89,33460106,0.002541,1,,0.016477
19788,2023-03-15,,7.9,28217378,0.001267,1,,-0.006981
19788,2023-03-16,,7.98,20504460,0.010127,1,,0.017562
19788,2023-03-17,,7.88,20920767,-0.012531,1,,-0.011019
19788,2023-03-20,,8.08,25497386,0.025381,1,,0.008918
19788,2023-03-21,,8.45,27104478,0.045792,1,,0.012982
19788,2023-03-22,,8.21,34150971,-0.028402,1,,-0.016463
19788,2023-03-23,,8.33,22662235,0.014616,1,,0.002985
19788,2023-03-24,,8.2,17939822,-0.015606,1,,0.00564
19788,2023-03-27,,8.04,20666810,-0.019512,1,,0.001647
19788,2023-03-28,,8.0,14860487,-0.004975,1,,-0.001574
19788,2023-03-29,,8.22,15339672,0.0275,1,,0.014237
19788,2023-03-30,,8.15,21001636,-0.008516,1,,0.005715
19788,2023-03-31,,8.45,26174838,0.03681,1,,0.014437
19788,2023-04-03,,8.38,22511967,-0.008284,1,,0.003699
19788,2023-04-04,,8.35,23961225,-0.00358,1,,-0.005797
19788,2023-04-05,,7.98,54946873,-0.044311,1,,-0.002492
19788,2023-04-06,,8.09,23488564,0.013784,1,,0.003579
19788,2023-04-10,,8.39,29184726,0.037083,1,,0.000996
19788,2023-04-11,,8.61,35617852,0.026222,1,,-4.1e-05
19788,2023-04-12,,8.33,28771280,-0.03252,1,,-0.004135
19788,2023-04-13,,8.58,27983250,0.030012,1,,0.013263
19788,2023-04-14,,8.81,42364533,0.026807,1,,-0.002069
19788,2023-04-17,,8.8,26047508,-0.001135,1,,0.003306
19788,2023-04-18,,8.73,21185250,-0.007955,1,,0.000855
19788,2023-04-19,,8.49,18193674,-0.027491,1,,-8.4e-05
19788,2023-04-20,,8.15,23573036,-0.040047,1,,-0.005953
19788,2023-04-21,,8.18,14896712,0.003681,1,,0.000903
19788,2023-04-24,,8.1,20439283,-0.00978,1,,0.000852
19788,2023-04-25,,7.74,21849092,-0.044445,1,,-0.015811
19788,2023-04-26,,7.74,21396726,0.0,1,,-0.003841
19788,2023-04-27,,7.82,21385464,0.010336,1,,0.019566
19788,2023-04-28,,7.75,24915472,-0.008951,1,,0.008253
19788,2023-05-01,,7.78,19134155,0.003871,1,,-0.000386
19788,2023-05-02,,7.59,38007950,-0.024422,1,,-0.011586
19788,2023-05-03,,7.56,24322418,-0.003953,1,,-0.006998
19788,2023-05-04,,7.38,29989336,-0.02381,1,,-0.007219
19788,2023-05-05,,7.41,45848838,0.004065,1,,0.018475
19788,2023-05-08,,7.74,105304009,0.044534,1,,0.000452
19788,2023-05-09,,9.55,223573281,0.23385,1,,-0.004579
19788,2023-05-10,,9.94,149374961,0.040838,1,,0.004484
19788,2023-05-11,,9.88,73754074,-0.006036,1,,-0.001697
19788,2023-05-12,,9.5,62123944,-0.038462,1,,-0.001583
19788,2023-05-15,,9.52,53555516,0.002105,1,,0.002958
19788,2023-05-16,,9.47,42311914,-0.005252,1,,-0.006378
19788,2023-05-17,,10.25,63834517,0.082365,1,,0.011891
19788,2023-05-18,,11.74,171402281,0.145366,1,,0.009445
19788,2023-05-19,,11.71,150269322,-0.002555,1,,-0.001446
19788,2023-05-22,,11.84,76377076,0.011102,1,,0.000155
19788,2023-05-23,,12.64,148701808,0.067568,1,,-0.011222
19788,2023-05-24,,12.23,90496870,-0.032437,1,,-0.007319
19788,2023-05-25,,12.84,106557773,0.049877,1,,0.008758
19788,2023-05-26,,13.65,127770554,0.063084,1,,0.013049
19788,2023-05-30,,14.71,159089328,0.077656,1,,1.7e-05
19788,2023-05-31,,14.71,130392206,0.0,1,,-0.006109
19788,2023-06-01,,14.54,126015134,-0.011557,1,,0.009854
19788,2023-06-02,,14.52,79487612,-0.001375,1,,0.014534
19788,2023-06-05,,15.24,121425810,0.049587,1,,-0.002004
19788,2023-06-06,,15.46,74284337,0.014436,1,,0.002354
19788,2023-06-07,,14.69,227244050,-0.049806,1,,-0.003812
19788,2023-06-08,,15.19,115591618,0.034037,1,,0.006189
19788,2023-06-09,,15.02,94126339,-0.011192,1,,0.001148
19788,2023-06-12,,15.65,90250316,0.041944,1,,0.009321
19788,2023-06-13,,16.0,112765935,0.022364,1,,0.006933
19788,2023-06-14,,15.91,70871917,-0.005625,1,,0.000819
19788,2023-06-15,,16.6,91200891,0.043369,1,,0.012178
19788,2023-06-16,,16.3,90696215,-0.018072,1,,-0.003672
19788,2023-06-20,,15.79,81335009,-0.031288,1,,-0.004735
19788,2023-06-21,,14.64,97885028,-0.072831,1,,-0.005245
19788,2023-06-22,,14.05,103460998,-0.040301,1,,0.003711
19788,2023-06-23,,14.03,74851018,-0.001424,1,,-0.007659
19788,2023-06-26,,13.94,50679919,-0.006415,1,,-0.004487
19788,2023-06-27,,14.61,55410531,0.048063,1,,0.011456
19788,2023-06-28,,15.28,66001041,0.045859,1,,-0.000354
19788,2023-06-29,,15.2,46300897,-0.005236,1,,0.004474
19788,2023-06-30,,15.33,42195264,0.008553,1,,0.012269
19788,2023-07-03,,15.52,26037426,0.012394,1,,0.001171
19788,2023-07-05,,15.7,39179854,0.011598,1,,-0.001968
19788,2023-07-06,,15.13,57158281,-0.036306,1,,-0.007923
19788,2023-07-07,,15.34,48273342,0.01388,1,,-0.002865
19788,2023-07-10,,16.3,62823618,0.062581,1,,0.002405
19788,2023-07-11,,16.49,63236574,0.011656,1,,0.006742
19788,2023-07-12,,16.59,50079436,0.006064,1,,0.007411
19788,2023-07-13,,16.74,58397771,0.009042,1,,0.00847
19788,2023-07-14,,16.4,45115040,-0.020311,1,,-0.001024
19788,2023-07-17,,17.4,63504956,0.060976,1,,0.003855
19788,2023-07-18,,18.08,87365660,0.03908,1,,0.007117
19788,2023-07-19,,18.05,89044567,-0.001659,1,,0.002358
19788,2023-07-20,,17.13,62711592,-0.05097,1,,-0.006757
19788,2023-07-21,,16.43,63375867,-0.040864,1,,0.000324
19788,2023-07-24,,16.32,36133647,-0.006695,1,,0.004034
19788,2023-07-25,,16.55,36612927,0.014093,1,,0.002815
19788,2023-07-26,,16.43,35804775,-0.007251,1,,-0.000155
19788,2023-07-27,,16.15,50685242,-0.017042,1,,-0.006425
19788,2023-07-28,,17.81,106125623,0.102786,1,,0.009878
19788,2023-07-31,,19.84,142173835,0.113981,1,,0.001469
19788,2023-08-01,,19.99,100126141,0.00756,1,,-0.002665
19788,2023-08-02,,18.97,98215768,-0.051026,1,,-0.01384
19788,2023-08-03,,18.71,55168608,-0.013706,1,,-0.002548
19788,2023-08-04,,18.2,72386045,-0.027258,1,,-0.0053
19788,2023-08-07,,17.99,133808372,-0.011539,1,,0.009024
19788,2023-08-08,,17.04,143014237,-0.052807,1,,-0.004218
19788,2023-08-09,,15.25,126230391,-0.105047,1,,-0.007039
19788,2023-08-10,,15.41,73129139,0.010492,1,,0.000251
19788,2023-08-11,,15.41,56616788,0.0,1,,-0.00107
19788,2023-08-14,,15.72,47511417,0.020117,1,,0.00575
19788,2023-08-15,,15.37,44000374,-0.022265,1,,-0.011551
19788,2023-08-16,,15.45,40394555,0.005205,1,,-0.007555
19788,2023-08-17,,14.15,91086683,-0.084142,1,,-0.007713
19788,2023-08-18,,14.4,70215160,0.017668,1,,-0.000149
19788,2023-08-21,,14.5,43206161,0.006944,1,,0.006879
19788,2023-08-22,,14.67,52106867,0.011724,1,,-0.002777
19788,2023-08-23,,15.3,53523342,0.042945,1,,0.011045
19788,2023-08-24,,14.14,93586208,-0.075817,1,,-0.013458
19788,2023-08-25,,14.53,55668905,0.027581,1,,0.006718
19788,2023-08-28,,14.64,35964677,0.007571,1,,0.006265
19788,2023-08-29,,15.4,47213155,0.051913,1,,0.014508
19788,2023-08-30,,16.33,65674056,0.06039,1,,0.003833
19788,2023-08-31,,14.98,101517203,-0.08267,1,,-0.001597
19788,2023-09-01,,15.18,45258903,0.013351,1,,0.001799
19788,2023-09-05,,15.21,33818426,0.001976,1,,-0.004194
19788,2023-09-06,,15.3,38738076,0.005917,1,,-0.006972
19788,2023-09-07,,15.21,51798780,-0.005882,1,,-0.003211
19788,2023-09-08,,15.13,34047562,-0.00526,1,,0.001427
19788,2023-09-11,,15.79,55294677,0.043622,1,,0.006724
19788,2023-09-12,,15.59,39497916,-0.012666,1,,-0.005696
19788,2023-09-13,,15.6,34354449,0.000641,1,,0.001242
19788,2023-09-14,,15.83,38572508,0.014744,1,,0.00843
19788,2023-09-15,,15.33,56271175,-0.031586,1,,-0.01216
19788,2023-09-18,,15.46,37404081,0.00848,1,,0.000721
19788,2023-09-19,,15.15,37804835,-0.020052,1,,-0.002151
19788,2023-09-20,,14.74,37640487,-0.027063,1,,-0.009395
19788,2023-09-21,,14.0,73071796,-0.050204,1,,-0.016401
19788,2023-09-22,,14.13,47714543,0.009286,1,,-0.002296
19788,2023-09-25,,14.22,39693894,0.006369,1,,0.004023
19788,2023-09-26,,13.96,37276213,-0.018284,1,,-0.014735
19788,2023-09-27,,14.85,62780567,0.063754,1,,0.000229
19788,2023-09-28,,15.77,66590819,0.061953,1,,0.005893
19788,2023-09-29,,16.0,78055083,0.014585,1,,-0.002709
19788,2023-10-02,,15.88,41043913,-0.0075,1,,7.9e-05
19788,2023-10-03,,14.9,51578129,-0.061713,1,,-0.013744
19788,2023-10-04,,15.73,52786237,0.055705,1,,0.00811
19788,2023-10-05,,15.81,49648072,0.005086,1,,-0.001304
19788,2023-10-06,,16.61,65946320,0.050601,1,,0.011815
19788,2023-10-09,,17.61,106161182,0.060205,1,,0.006304
19788,2023-10-10,,17.8,99971501,0.010789,1,,0.005208
19788,2023-10-11,,17.92,55745629,0.006742,1,,0.004293
19788,2023-10-12,,17.94,57940929,0.001116,1,,-0.006246
19788,2023-10-13,,17.36,54881953,-0.03233,1,,-0.005019
19788,2023-10-16,,17.36,44987257,0.0,1,,0.010594
19788,2023-10-17,,17.84,54401289,0.02765,1,,-9.8e-05
19788,2023-10-18,,17.2,44208265,-0.035874,1,,-0.0134
19788,2023-10-19,,17.06,46303217,-0.00814,1,,-0.008483
19788,2023-10-20,,16.11,63875487,-0.055686,1,,-0.012585
19788,2023-10-23,,16.2,55967151,0.005587,1,,-0.001686
19788,2023-10-24,,16.64,39833762,0.02716,1,,0.007266
19788,2023-10-25,,15.59,46706480,-0.063101,1,,-0.01434
19788,2023-10-26,,15.29,49351804,-0.019243,1,,-0.011833
19788,2023-10-27,,15.07,39913561,-0.014389,1,,-0.0048
19788,2023-10-30,,14.69,46886417,-0.025216,1,,0.01201
19788,2023-10-31,,14.8,40195406,0.007488,1,,0.006475
19788,2023-11-01,,14.92,54419071,0.008108,1,,0.010506
19788,2023-11-02,,17.97,170406782,0.204424,1,,0.018859
19788,2023-11-03,,18.89,109302021,0.051196,1,,0.009394
19788,2023-11-06,,18.54,79952555,-0.018528,1,,0.001753
19788,2023-11-07,,18.8,56289102,0.014024,1,,0.00284
19788,2023-11-08,,18.49,46063132,-0.016489,1,,0.001005
19788,2023-11-09,,18.27,48454200,-0.011898,1,,-0.008084
19788,2023-11-10,,19.67,92955800,0.076628,1,,0.015616
19788,2023-11-13,,19.71,74877458,0.002034,1,,-0.000836
19788,2023-11-14,,19.94,83230466,0.011669,1,,0.019075
19788,2023-11-15,,19.95,75533454,0.000502,1,,0.001597
19788,2023-11-16,,19.77,49942759,-0.009023,1,,0.00119
19788,2023-11-17,,20.49,69668728,0.036419,1,,0.001282
19788,2023-11-20,,21.34,90575566,0.041484,1,,0.00739
19788,2023-11-21,,19.8,106643319,-0.072165,1,,-0.002021
19788,2023-11-22,,19.69,68452455,-0.005555,1,,0.004061
19788,2023-11-24,,19.2,39800361,-0.024886,1,,0.000597
19788,2023-11-27,,19.08,58808177,-0.00625,1,,-0.001954
19788,2023-11-28,,19.71,54170695,0.033019,1,,0.00098
19788,2023-11-29,,19.84,62782105,0.006596,1,,-0.000946
19788,2023-11-30,,20.05,55500991,0.010585,1,,0.003784
19788,2023-12-01,,20.27,61493670,0.010973,1,,0.005874
19788,2023-12-04,,18.4,104948518,-0.092255,1,,-0.005408
19788,2023-12-05,,18.3,54460845,-0.005435,1,,-0.000569
19788,2023-12-06,,17.13,96110978,-0.063934,1,,-0.003906
19788,2023-12-07,,17.22,56454997,0.005254,1,,0.007968
19788,2023-12-08,,17.77,57542134,0.03194,1,,0.004095
19788,2023-12-11,,17.77,50929623,0.0,1,,0.003925
19788,2023-12-12,,17.5,46231909,-0.015194,1,,0.004599
19788,2023-12-13,,17.87,52682624,0.021143,1,,0.013651
19788,2023-12-14,,18.21,67462755,0.019026,1,,0.002647
19788,2023-12-15,,18.2,93307116,-0.000549,1,,-7.6e-05
19788,2023-12-18,,17.84,60188148,-0.01978,1,,0.004528
19788,2023-12-19,,17.95,43530312,0.006166,1,,0.005866
19788,2023-12-20,,17.25,58666901,-0.038997,1,,-0.014684
19788,2023-12-21,,17.59,30493554,0.01971,1,,0.010301
19788,2023-12-22,,17.41,33693787,-0.010233,1,,0.00166
19788,2023-12-26,,17.68,31750737,0.015508,1,,0.004232
19788,2023-12-27,,17.47,32918437,-0.011878,1,,0.00143
19788,2023-12-28,,17.56,38989961,0.005152,1,,0.00037
19788,2023-12-29,,17.17,38943466,-0.02221,1,,-0.002826
19788,2024-01-02,,16.58,41626684,-0.034362,1,,-0.005661
19788,2024-01-03,,16.09,46865204,-0.029554,1,,-0.008016
19788,2024-01-04,,16.25,39937698,0.009944,1,,-0.003428
19788,2024-01-05,,15.98,57700013,-0.016615,1,,0.001826
19788,2024-01-08,,16.67,49089953,0.043179,1,,0.014115
19788,2024-01-09,,16.39,35794473,-0.016797,1,,-0.001478
19788,2024-01-10,,16.79,41254398,0.024405,1,,0.005666
19788,2024-01-11,,16.68,39552365,-0.006552,1,,-0.000671
19788,2024-01-12,,16.76,33952550,0.004796,1,,0.000751
19788,2024-01-16,,16.53,32659260,-0.013723,1,,-0.003731
19788,2024-01-17,,16.39,30832775,-0.00847,1,,-0.005617
19788,2024-01-18,,16.4,35239739,0.00061,1,,0.008805
19788,2024-01-19,,16.78,40690625,0.023171,1,,0.012313
19788,2024-01-22,,17.6,85573913,0.048868,1,,0.002194
19788,2024-01-23,,17.33,37794300,-0.015341,1,,0.002921
19788,2024-01-24,,16.75,42710696,-0.033468,1,,0.000812
19788,2024-01-25,,16.46,44589040,-0.017313,1,,0.00526
19788,2024-01-26,,16.35,28612154,-0.006683,1,,-0.000652
19788,2024-01-29,,17.09,35987779,0.04526,1,,0.007557
19788,2024-01-30,,16.74,36388182,-0.02048,1,,-0.000601
19788,2024-01-31,,16.09,43582546,-0.038829,1,,-0.016106
19788,2024-02-01,,16.33,40454381,0.014916,1,,0.012494
19788,2024-02-02,,17.02,57672675,0.042254,1,,0.010684
19788,2024-02-05,,16.72,167698349,-0.017626,1,,-0.003186
19788,2024-02-06,,21.87,421271485,0.308014,1,,0.00231
19788,2024-02-07,,23.6,254911069,0.079104,1,,0.008241
19788,2024-02-08,,24.51,212671149,0.038559,1,,0.000571
19788,2024-02-09,,24.38,149061975,-0.005304,1,,0.005742
19788,2024-02-12,,25.05,108173046,0.027482,1,,-0.000949
19788,2024-02-13,,24.01,102293322,-0.041517,1,,-0.013674
19788,2024-02-14,,25.19,97227926,0.049146,1,,0.00958
19788,2024-02-15,,25.41,70544321,0.008734,1,,0.005821
19788,2024-02-16,,24.44,65498227,-0.038174,1,,-0.004803
19788,2024-02-20,,23.4,93374349,-0.042553,1,,-0.006005
19788,2024-02-21,,22.74,60411461,-0.028205,1,,0.001264
19788,2024-02-22,,23.59,64458247,0.037379,1,,0.021123
19788,2024-02-23,,22.97,48840765,-0.026282,1,,0.000348
19788,2024-02-26,,23.56,46499481,0.025686,1,,-0.003787
19788,2024-02-27,,24.53,64967421,0.041172,1,,0.001706
19788,2024-02-28,,24.42,47313982,-0.004484,1,,-0.001658
19788,2024-02-29,,25.08,62753300,0.027027,1,,0.005229
19788,2024-03-01,,24.93,64794407,-0.005981,1,,0.008008
19788,2024-03-04,,24.04,64320031,-0.0357,1,,-0.001193
19788,2024-03-05,,23.81,49542272,-0.009567,1,,-0.010193
19788,2024-03-06,,26.16,207386942,0.098698,1,,0.005141
19788,2024-03-07,,26.46,117519319,0.011468,1,,0.010304
19788,2024-03-08,,26.04,84256124,-0.015873,1,,-0.006529
19788,2024-03-11,,25.35,60829269,-0.026498,1,,-0.001122
19788,2024-03-12,,24.7,75202613,-0.025641,1,,0.011202
19788,2024-03-13,,25.0,59712992,0.012146,1,,-0.001925
19788,2024-03-14,,24.43,49214784,-0.0228,1,,-0.002871
19788,2024-03-15,,23.49,61420999,-0.038477,1,,-0.006483
19788,2024-03-18,,24.0,44083043,0.021711,1,,0.006318
19788,2024-03-19,,23.8,43247249,-0.008333,1,,0.005649
19788,2024-03-20,,24.57,40273774,0.032353,1,,0.008904
19788,2024-03-21,,24.49,37099608,-0.003256,1,,0.003237
19788,2024-03-22,,24.18,25453029,-0.012658,1,,-0.001402
19788,2024-03-25,,24.51,29255903,0.013648,1,,-0.003055
19788,2024-03-26,,24.89,43610464,0.015504,1,,-0.0028
19788,2024-03-27,,24.51,38600086,-0.015267,1,,0.008631
19788,2024-03-28,,23.01,70008165,-0.0612,1,,0.001117
19788,2024-04-01,,22.86,41000029,-0.006519,1,,-0.002014
19788,2024-04-02,,22.72,39770573,-0.006124,1,,-0.007239
19788,2024-04-03,,22.7,30357412,-0.00088,1,,0.001091
19788,2024-04-04,,22.48,64995295,-0.009692,1,,-0.012334
19788,2024-04-05,,22.96,38716824,0.021352,1,,0.011099
19788,2024-04-08,,23.0,25022708,0.001742,1,,-0.000375
19788,2024-04-09,,22.81,27724525,-0.008261,1,,0.001445
19788,2024-04-10,,22.42,28642932,-0.017098,1,,-0.009457
19788,2024-04-11,,22.84,26399380,0.018733,1,,0.007445
19788,2024-04-12,,22.67,36764458,-0.007443,1,,-0.014551
19788,2024-04-15,,21.9,38182078,-0.033966,1,,-0.012021
19788,2024-04-16,,21.88,33869201,-0.000913,1,,-0.002057
19788,2024-04-17,,21.31,30139797,-0.026051,1,,-0.005781
19788,2024-04-18,,21.13,34550542,-0.008447,1,,-0.002208
19788,2024-04-19,,20.47,39632591,-0.031235,1,,-0.008759
19788,2024-04-22,,20.97,31894517,0.024426,1,,0.008731
19788,2024-04-23,,21.64,36304634,0.03195,1,,0.011965
19788,2024-04-24,,21.59,34426476,-0.002311,1,,0.000213
19788,2024-04-25,,21.71,26226705,0.005558,1,,-0.004576
19788,2024-04-26,,22.52,33119766,0.03731,1,,0.010209
19788,2024-04-29,,22.83,30330698,0.013766,1,,0.003178
19788,2024-04-30,,21.97,30511879,-0.03767,1,,-0.015731
19788,2024-05-01,,22.12,34812852,0.006828,1,,-0.003435
19788,2024-05-02,,22.55,30396133,0.019439,1,,0.009128
19788,2024-05-03,,23.33,55976409,0.03459,1,,0.012557
19788,2024-05-06,,25.21,175936565,0.080583,1,,0.010326
19788,2024-05-07,,21.4,161061622,-0.15113,1,,0.001343
19788,2024-05-08,,21.56,67582882,0.007477,1,,-6e-06
19788,2024-05-09,,21.14,54101937,-0.019481,1,,0.005091
19788,2024-05-10,,20.6,59845413,-0.025544,1,,0.001649
19788,2024-05-13,,20.94,37524809,0.016505,1,,-0.000241
19788,2024-05-14,,21.44,57894354,0.023878,1,,0.004838
19788,2024-05-15,,21.67,39424029,0.010728,1,,0.011716
19788,2024-05-16,,21.65,27416677,-0.000923,1,,-0.002082
19788,2024-05-17,,21.76,30032254,0.005081,1,,0.001165
19788,2024-05-20,,21.62,35255258,-0.006434,1,,0.000916
19788,2024-05-21,,21.24,27953962,-0.017576,1,,0.002502
19788,2024-05-22,,21.17,25212469,-0.003296,1,,-0.002706
19788,2024-05-23,,20.72,36887627,-0.021257,1,,-0.007381
19788,2024-05-24,,21.01,22158712,0.013996,1,,0.007001
19788,2024-05-28,,21.05,26274188,0.001904,1,,0.000249
19788,2024-05-29,,20.94,24834240,-0.005226,1,,-0.007367
19788,2024-05-30,,21.73,47583129,0.037727,1,,-0.005975
19788,2024-05-31,,21.68,44416074,-0.002301,1,,0.008028
19788,2024-06-03,,21.32,33876070,-0.016605,1,,0.001116
19788,2024-06-04,,22.1,41974047,0.036585,1,,0.001503
19788,2024-06-05,,22.96,39825392,0.038914,1,,0.011848
19788,2024-06-06,,23.79,60400366,0.03615,1,,-0.0002
19788,2024-06-07,,23.31,37149877,-0.020177,1,,-0.001115
19788,2024-06-10,,23.13,31509278,-0.007722,1,,0.002581
19788,2024-06-11,,23.85,30601852,0.031128,1,,0.00271
19788,2024-06-12,,23.77,38542724,-0.003354,1,,0.008504
19788,2024-06-13,,23.27,26035051,-0.021035,1,,0.002345
19788,2024-06-14,,23.57,26618284,0.012892,1,,-0.000394
19788,2024-06-17,,25.02,54101503,0.061519,1,,0.007664
19788,2024-06-18,,25.82,54458580,0.031974,1,,0.002521
19788,2024-06-20,,25.56,66734955,-0.01007,1,,-0.002526
19788,2024-06-21,,23.84,69981578,-0.067293,1,,-0.001562
19788,2024-06-24,,24.16,36477408,0.013423,1,,-0.003065
19788,2024-06-25,,24.56,29657245,0.016556,1,,0.003934
19788,2024-06-26,,24.1,24331377,-0.01873,1,,0.001572
19788,2024-06-27,,25.22,37882859,0.046473,1,,0.000907
19788,2024-06-28,,25.33,38886441,0.004362,1,,-0.004084
19788,2024-07-01,,25.88,33167921,0.021713,1,,0.002676
19788,2024-07-02,,25.83,32148242,-0.001932,1,,0.006195
19788,2024-07-03,,25.85,18433843,0.000774,1,,0.005084
19788,2024-07-05,,27.23,46703729,0.053385,1,,0.005449
19788,2024-07-08,,27.7,59611163,0.01726,1,,0.001017
19788,2024-07-09,,27.39,53226526,-0.011191,1,,0.000741
19788,2024-07-10,,28.42,43231028,0.037605,1,,0.010208
19788,2024-07-11,,27.64,61546057,-0.027445,1,,-0.008763
19788,2024-07-12,,28.07,30760268,0.015557,1,,0.005517
19788,2024-07-15,,28.67,49186345,0.021375,1,,0.002826
19788,2024-07-16,,28.67,59330683,0.0,1,,0.006389
19788,2024-07-17,,28.22,45203461,-0.015696,1,,-0.013928
19788,2024-07-18,,28.64,76485561,0.014883,1,,-0.007816
19788,2024-07-19,,28.58,49581636,-0.002095,1,,-0.00714
19788,2024-07-22,,28.46,38037812,-0.004199,1,,0.010792
19788,2024-07-23,,28.81,31134262,0.012298,1,,-0.001558
19788,2024-07-24,,26.6,49004105,-0.076709,1,,-0.023149
19788,2024-07-25,,26.63,45474613,0.001128,1,,-0.005143
19788,2024-07-26,,27.18,27432224,0.020653,1,,0.01109
19788,2024-07-29,,27.08,26038842,-0.003679,1,,0.000813
19788,2024-07-30,,26.37,31819905,-0.026219,1,,-0.00496
19788,2024-07-31,,26.89,29111605,0.019719,1,,0.015793
19788,2024-08-01,,26.08,31189607,-0.030123,1,,-0.013694
19788,2024-08-02,,24.74,56092591,-0.05138,1,,-0.018382
19788,2024-08-05,,24.09,88023468,-0.026273,1,,-0.029969
19788,2024-08-06,,26.59,99622681,0.103777,1,,0.010354
19788,2024-08-07,,26.32,75975382,-0.010154,1,,-0.007735
19788,2024-08-08,,29.28,96892918,0.112462,1,,0.023043
19788,2024-08-09,,30.01,88131106,0.024932,1,,0.004672
19788,2024-08-12,,29.38,67890322,-0.020993,1,,4.3e-05
19788,2024-08-13,,30.39,57294206,0.034377,1,,0.016848
19788,2024-08-14,,31.0,49885641,0.020072,1,,0.003824
19788,2024-08-15,,31.22,43407612,0.007097,1,,0.016133
19788,2024-08-16,,32.08,64870638,0.027547,1,,0.00199
19788,2024-08-19,,32.5,52353641,0.013092,1,,0.009722
19788,2024-08-20,,32.32,40783010,-0.005538,1,,-0.001985
19788,2024-08-21,,32.54,38147564,0.006807,1,,0.00424
19788,2024-08-22,,31.92,43522223,-0.019053,1,,-0.008933
19788,2024-08-23,,31.78,34121175,-0.004386,1,,0.011483
19788,2024-08-26,,30.85,35283625,-0.029264,1,,-0.003154
19788,2024-08-27,,30.84,23541256,-0.000324,1,,0.001595
19788,2024-08-28,,30.36,33961370,-0.015564,1,,-0.005976
19788,2024-08-29,,31.0,39732985,0.02108,1,,-3.9e-05
19788,2024-08-30,,31.48,42388023,0.015484,1,,0.010093
19788,2024-09-03,,30.51,34531596,-0.030813,1,,-0.021151
19788,2024-09-04,,30.59,33419490,0.002622,1,,-0.001602
19788,2024-09-05,,30.16,24012331,-0.014057,1,,-0.003018
19788,2024-09-06,,30.33,50946777,0.005637,1,,-0.01726
19788,2024-09-09,,34.6,140582494,0.140785,1,,0.01158
19788,2024-09-10,,34.76,91720986,0.004624,1,,0.004473
19788,2024-09-11,,34.85,68302252,0.002589,1,,0.010665
19788,2024-09-12,,34.91,54391843,0.001722,1,,0.007495
19788,2024-09-13,,35.59,49727172,0.019479,1,,0.005408
19788,2024-09-16,,36.31,74767329,0.02023,1,,0.001257
19788,2024-09-17,,36.45,64461751,0.003856,1,,0.000265
19788,2024-09-18,,36.38,66279770,-0.00192,1,,-0.002896
19788,2024-09-19,,36.83,59882041,0.012369,1,,0.016977
19788,2024-09-20,,37.2,450290538,0.010046,1,,-0.001941
19788,2024-09-23,,37.95,79460737,0.020161,1,,0.002809
19788,2024-09-24,,36.9,79519248,-0.027668,1,,0.002511
19788,2024-09-25,,37.12,46511724,0.005962,1,,-0.001861
19788,2024-09-26,,37.1,48601992,-0.000539,1,,0.004039
19788,2024-09-27,,36.84,43219122,-0.007008,1,,-0.001253
19788,2024-09-30,,37.2,42223553,0.009772,1,,0.004237
19788,2024-10-01,,36.46,52858036,-0.019893,1,,-0.009324
19788,2024-10-02,,37.49,34988906,0.02825,1,,0.000138
19788,2024-10-03,,39.24,57196445,0.046679,1,,-0.001681
19788,2024-10-04,,40.01,62657545,0.019623,1,,0.00897
19788,2024-10-07,,38.89,44124766,-0.027993,1,,-0.009586
19788,2024-10-08,,41.45,62542945,0.065827,1,,0.009689
19788,2024-10-09,,43.13,86404698,0.040531,1,,0.007113
19788,2024-10-10,,43.52,62516314,0.009042,1,,-0.00207
19788,2024-10-11,,43.51,66206893,-0.00023,1,,0.006052
19788,2024-10-14,,43.4,41010910,-0.002528,1,,0.007708
19788,2024-10-15,,42.43,48296974,-0.02235,1,,-0.007609
19788,2024-10-16,,41.93,59157938,-0.011784,1,,0.004679
19788,2024-10-17,,42.0,34028414,0.001669,1,,-0.000171
19788,2024-10-18,,42.97,33969020,0.023095,1,,0.003972
19788,2024-10-21,,42.7,30719779,-0.006283,1,,-0.001823
19788,2024-10-22,,42.94,27830734,0.005621,1,,-0.000475
19788,2024-10-23,,42.59,35646980,-0.008151,1,,-0.009191
19788,2024-10-24,,43.56,34079557,0.022775,1,,0.002146
19788,2024-10-25,,44.86,50416491,0.029844,1,,-0.000299
19788,2024-10-28,,44.97,36729700,0.002452,1,,0.002651
19788,2024-10-29,,44.93,26154712,-0.00089,1,,0.001614
19788,2024-10-30,,43.69,31309232,-0.027599,1,,-0.0033
19788,2024-10-31,,41.56,50973360,-0.048753,1,,-0.018615
19788,2024-11-01,,41.92,33722521,0.008662,1,,0.004093
19788,2024-11-04,,41.41,75413298,-0.012166,1,,-0.002812
19788,2024-11-05,,51.13,208868200,0.234726,1,,0.012266
19788,2024-11-06,,55.53,114255943,0.086055,1,,0.025296
19788,2024-11-07,,55.88,121591164,0.006303,1,,0.007431
19788,2024-11-08,,58.39,84124034,0.044918,1,,0.003757
19788,2024-11-11,,60.24,108357795,0.031684,1,,0.000969
19788,2024-11-12,,59.85,59061338,-0.006474,1,,-0.002893
19788,2024-11-13,,60.7,85937360,0.014202,1,,0.000232
19788,2024-11-14,,59.18,59968240,-0.025041,1,,-0.00605
19788,2024-11-15,,65.77,155280388,0.111355,1,,-0.013204
19788,2024-11-18,,61.26,137877641,-0.068572,1,,0.003918
19788,2024-11-19,,62.98,75557817,0.028077,1,,0.003964
19788,2024-11-20,,62.12,59182183,-0.013655,1,,2.2e-05
19788,2024-11-21,,61.36,56336740,-0.012234,1,,0.00534
19788,2024-11-22,,64.35,61381713,0.048729,1,,0.003468
19788,2024-11-25,,64.65,80640465,0.004662,1,,0.00302
19788,2024-11-26,,65.74,46648309,0.01686,1,331646.0,0.005722
19788,2024-11-27,,66.05,53667390,0.004716,1,360155.0,-0.003801
19788,2024-11-29,,67.08,29975783,0.015594,1,227484.0,0.005608
19788,2024-12-02,,66.39,46245224,-0.010286,1,372435.0,0.002448
19788,2024-12-03,,70.96,99840687,0.068836,1,637270.0,0.000451
19788,2024-12-04,,69.85,85972683,-0.015643,1,650387.0,0.006051
19788,2024-12-05,,71.87,66282841,0.028919,1,466500.0,-0.00187
19788,2024-12-06,,76.34,93223881,0.062196,1,665460.0,0.002495
19788,2024-12-09,,72.46,167297939,-0.050825,1,1390000.0,-0.006144
19788,2024-12-10,,70.89,89305895,-0.021667,1,721558.0,-0.002964
19788,2024-12-11,,72.51,89080585,0.022852,1,712628.0,0.008166
19788,2024-12-12,,73.2,73592437,0.009516,1,539789.0,-0.005414
19788,2024-12-13,,76.07,75740407,0.039208,1,540253.0,-2.6e-05
19788,2024-12-16,,75.75,125594978,-0.004207,1,949651.0,0.003799
19788,2024-12-17,,74.39,75157942,-0.017954,1,563918.0,-0.003864
19788,2024-12-18,,71.51,108933188,-0.038715,1,785122.0,-0.029493
19788,2024-12-19,,74.21,99019612,0.037757,1,664824.0,-0.000865
19788,2024-12-20,,80.55,279330221,0.085433,1,842539.0,0.010869
19788,2024-12-23,,80.69,93391124,0.001738,1,688339.0,0.007287
19788,2024-12-24,,82.38,64792483,0.020944,1,492991.0,0.011043
19788,2024-12-26,,82.14,60247993,-0.002913,1,480904.0,-0.000406
19788,2024-12-27,,79.08,66669050,-0.037253,1,565084.0,-0.011056
19788,2024-12-30,,77.18,60501759,-0.024026,1,485055.0,-0.010702
19788,2024-12-31,,75.63,56113869,-0.020083,1,421870.0,-0.004285
